{
  "project_info": {
    "project_number": "851982058659",
    "project_id": "oop-assignment-2718b",
    "storage_bucket": "oop-assignment-2718b.appspot.com"
  },
  "client": [
    {
      "client_info": {
        "mobilesdk_app_id": "1:851982058659:android:31ba8151de91dfc71dab16",
        "android_client_info": {
          "package_name": "com.example.utpmobile"
        }
      },
      "oauth_client": [
        {
          "client_id": "851982058659-g3uv4jtpfkh27r9mdohtr35qe77j8i1r.apps.googleusercontent.com",
          "client_type": 3
        }
      ],
      "api_key": [
        {
          "current_key": "AIzaSyCpYu4JPSBpvIbBoV0UT25ti462FDMYh14"
        }
      ],
      "services": {
        "appinvite_service": {
          "other_platform_oauth_client": [
            {
              "client_id": "851982058659-g3uv4jtpfkh27r9mdohtr35qe77j8i1r.apps.googleusercontent.com",
              "client_type": 3
            }
          ]
        }
      }
    }
  ],
  "configuration_version": "1"
}